{"cameraMode":{"drawMode":0,"name":"Shaded","section":"Shading Mode"},"sceneLighting":true,"audioPlay":false,"sceneViewState":{"showFog":true,"showMaterialUpdate":false,"showSkybox":true,"showFlares":true,"showImageEffects":true,"showParticleSystems":true},"in2DMode":false,"pivot":{"x":191.41990661621095,"y":6.161506652832031,"z":398.4168395996094},"rotation":{"x":-0.21731053292751313,"y":0.0462600439786911,"z":-0.010310385376214981,"w":-0.9749537110328674},"size":81.6357421875,"orthographic":false}