{"cameraMode":{"drawMode":0,"name":"Shaded","section":"Shading Mode"},"sceneLighting":true,"audioPlay":false,"sceneViewState":{"showFog":false,"showMaterialUpdate":false,"showSkybox":false,"showFlares":false,"showImageEffects":false,"showParticleSystems":false},"in2DMode":false,"pivot":{"x":6.247078895568848,"y":0.11436176300048828,"z":-1.235131859779358},"rotation":{"x":0.10712779313325882,"y":-0.6427114009857178,"z":0.09143117070198059,"w":0.7530606985092163},"size":2.2387070655822756,"orthographic":false}