{"cameraMode":{"drawMode":0,"name":"Shaded","section":"Shading Mode"},"sceneLighting":false,"audioPlay":false,"sceneViewState":{"showFog":false,"showMaterialUpdate":false,"showSkybox":false,"showFlares":false,"showImageEffects":false,"showParticleSystems":false},"in2DMode":false,"pivot":{"x":-37.69187545776367,"y":-13.027101516723633,"z":6.107553482055664},"rotation":{"x":0.10712779313325882,"y":-0.6427114009857178,"z":0.09143117070198059,"w":0.7530606985092163},"size":25.08589744567871,"orthographic":false}