{"cameraMode":{"drawMode":0,"name":"Shaded","section":"Shading Mode"},"sceneLighting":false,"audioPlay":false,"sceneViewState":{"showFog":false,"showMaterialUpdate":false,"showSkybox":false,"showFlares":false,"showImageEffects":false,"showParticleSystems":false},"in2DMode":false,"pivot":{"x":-2.3803961277008058,"y":-1.1802845001220704,"z":5.594027996063232},"rotation":{"x":-0.013729005120694638,"y":0.9861283898353577,"z":-0.12522384524345399,"w":-0.1081153079867363},"size":4.140305042266846,"orthographic":false}