{"cameraMode":{"drawMode":0,"name":"Shaded","section":"Shading Mode"},"sceneLighting":false,"audioPlay":false,"sceneViewState":{"showFog":false,"showMaterialUpdate":false,"showSkybox":false,"showFlares":false,"showImageEffects":false,"showParticleSystems":false},"in2DMode":false,"pivot":{"x":-3.3803963661193849,"y":-1.1982223987579346,"z":6.480439186096191},"rotation":{"x":0.10712779313325882,"y":-0.6427114009857178,"z":0.09143117070198059,"w":0.7530606985092163},"size":1.4065022468566895,"orthographic":false}