{"cameraMode":{"drawMode":0,"name":"Shaded","section":"Shading Mode"},"sceneLighting":false,"audioPlay":false,"sceneViewState":{"showFog":false,"showMaterialUpdate":false,"showSkybox":false,"showFlares":false,"showImageEffects":false,"showParticleSystems":false},"in2DMode":false,"pivot":{"x":-3.3803963661193849,"y":-1.2562979459762574,"z":4.488054275512695},"rotation":{"x":-0.013729005120694638,"y":0.9861283898353577,"z":-0.12522384524345399,"w":-0.1081153079867363},"size":1.469717025756836,"orthographic":false}