{"cameraMode":{"drawMode":0,"name":"Shaded","section":"Shading Mode"},"sceneLighting":false,"audioPlay":false,"sceneViewState":{"showFog":false,"showMaterialUpdate":false,"showSkybox":false,"showFlares":false,"showImageEffects":false,"showParticleSystems":false},"in2DMode":false,"pivot":{"x":1.3251641988754273,"y":-0.14328491687774659,"z":3.5160107612609865},"rotation":{"x":0.005232807248830795,"y":0.9936893582344055,"z":-0.09900827705860138,"w":0.052516043186187747},"size":3.903251886367798,"orthographic":false}