{"cameraMode":{"drawMode":0,"name":"Shaded","section":"Shading Mode"},"sceneLighting":false,"audioPlay":false,"sceneViewState":{"showFog":false,"showMaterialUpdate":false,"showSkybox":false,"showFlares":false,"showImageEffects":false,"showParticleSystems":false},"in2DMode":false,"pivot":{"x":-0.3903716802597046,"y":-1.2402626276016236,"z":-0.3024592399597168},"rotation":{"x":-0.013729005120694638,"y":0.9861283898353577,"z":-0.12522384524345399,"w":-0.1081153079867363},"size":1.3574864864349366,"orthographic":false}