{"cameraMode":{"drawMode":0,"name":"Shaded","section":"Shading Mode"},"sceneLighting":true,"audioPlay":false,"sceneViewState":{"showFog":true,"showMaterialUpdate":false,"showSkybox":true,"showFlares":true,"showImageEffects":true,"showParticleSystems":true},"in2DMode":false,"pivot":{"x":-3.861318588256836,"y":1.2101314067840577,"z":-1.2606629133224488},"rotation":{"x":0.02455008402466774,"y":0.522892951965332,"z":-0.015068275853991509,"w":0.8519133925437927},"size":1.8768725395202637,"orthographic":false}